Wall time,Step,Value
1774127734.019792,281,7.2601141929626465
1774127803.8276093,563,2.2598166465759277
1774127874.095163,845,2.2294952869415283
1774127944.30765,1127,1.875422716140747
1774128014.4774632,1409,1.8409186601638794
1774128084.3949735,1691,1.7812224626541138
1774128154.5367782,1973,1.7852625846862793
1774128224.5378547,2255,1.8219770193099976
1774128294.1678607,2537,1.7572287321090698
1774128364.371199,2819,1.6913738250732422
1774128434.4498065,3101,1.7902212142944336
1774128504.3568573,3383,1.6968234777450562
1774128574.5508163,3665,1.577785849571228
1774128644.3573205,3947,1.618283748626709
1774128714.2212162,4229,1.6080714464187622
1774128784.4844196,4511,1.5465248823165894
1774128854.5269504,4793,1.5344585180282593
1774128924.3418322,5075,1.5839903354644775
1774128994.2909913,5357,1.515912652015686
1774129064.4140546,5639,1.5266389846801758
1774129134.3410556,5921,1.476027250289917
1774129204.4781077,6203,1.4682773351669312
1774129274.2497663,6485,1.44779634475708
1774129343.8539097,6767,1.4684897661209106
1774129413.4525898,7049,1.4252203702926636
1774129483.4989386,7331,1.4167249202728271
1774129553.4063985,7613,1.5136005878448486
1774129623.332401,7895,1.476138949394226
1774129693.4614458,8177,1.5608309507369995
1774129763.4183388,8459,1.4413578510284424
1774129833.2024891,8741,1.5428118705749512
1774129903.1555672,9023,1.5311768054962158
1774129973.019811,9305,1.5292693376541138
1774130043.4617474,9587,1.6529301404953003
1774130113.5766504,9869,1.7573835849761963
1774130183.214595,10151,1.9692422151565552
